Operación,entrada,salida,precio_entrada,precio_salida,stop_inicial,take_profit,unidades,nocional,costos,pnl,retorno_%,R,motivo,barras
1,2022-08-03 16:00:00,2022-08-09 08:00:00,23378.7831588045,23367.0937672251,21983.96221879617,24424.89886381075,1.4338758063010242,33522.27155216761,67.02778196855914,-83.78891774464341,-0.2499500000000014,-0.04189445887232166,break_even,35
2,2022-08-10 20:00:00,2022-08-11 04:00:00,23650.067170022998,24576.986029580876,22397.78250349922,24589.280669915832,1.595742785218527,37739.424056497744,76.95797219561797,1402.166110426851,3.715388206051424,0.701670977731795,take_profit,3
3,2022-08-13 00:00:00,2022-08-13 08:00:00,24414.388593749998,24402.181399453126,23187.276904077153,25334.722361004635,1.6513309757434427,40316.23613869676,80.61231415932417,-100.77043222866816,-0.2499499999999891,-0.04972959250868569,break_even,3
4,2022-10-29 20:00:00,2022-11-04 16:00:00,20851.7155684605,20841.28971067627,20011.286873225028,21482.0370898871,2.408713727512469,50225.81353193627,100.42651415710657,-125.53942092307452,-0.24994999999999964,-0.06201461630098706,break_even,36
5,2022-12-13 08:00:00,2022-12-13 08:00:00,17173.0353515625,17414.842722108566,16839.009821168172,17423.554499358244,5.880793592734233,100991.07626326723,203.40417176191767,1218.615063621303,1.206656180635775,0.6203702220838262,take_profit,1
6,2023-01-07 00:00:00,2023-01-09 00:00:00,16960.5932455935,17173.130732693262,16665.75544839816,17181.721593490005,6.026232246078842,102208.47392922256,205.6977481167063,1075.102510144446,1.0518721871230894,0.6050912224231447,take_profit,13
7,2023-02-01 20:00:00,2023-02-02 00:00:00,23400.796112780998,24097.11221571642,22456.301864334357,24109.166799115977,2.189230587339823,51229.73861820299,103.98387374740946,1420.4126372560836,2.772632997099426,0.6869477454987183,take_profit,2
8,2023-02-18 00:00:00,2023-02-19 20:00:00,24577.5795234375,24526.820298078503,22969.46983356589,25783.661790841208,1.3034707546463447,32036.156128795625,64.0061490918073,-130.16931487576346,-0.4063200165227097,-0.062100008357319436,break_even,12
9,2023-03-29 08:00:00,2023-03-30 16:00:00,28099.683445312497,28085.633603589842,26182.397113261213,29537.64819435096,1.0919185776877134,30682.566381080607,61.34979147897068,-76.69107466951006,-0.249949999999997,-0.03663258721320661,break_even,9
10,2023-03-31 20:00:00,2023-04-11 00:00:00,28484.3248879215,29823.158010860898,26679.322005969378,29838.07704938559,1.1589935751003593,33013.14953617228,67.57799805996288,1484.12098955835,4.495544988617971,0.7094313548439997,take_profit,62
11,2023-04-18 16:00:00,2023-04-19 20:00:00,30213.2123376405,29014.30139597235,29028.815803874284,31101.50973796516,1.791350364953109,54122.44894743809,106.09722834197265,-2253.7667812454874,-4.164199560582098,-1.0622611765006253,stop_loss,8
12,2023-06-30 04:00:00,2023-06-30 08:00:00,30745.304422726498,30729.931770515137,29401.519941032253,31753.142783997184,1.545332496151634,47511.71802851381,94.99968019801338,-118.755539212267,-0.24994999999999312,-0.05718765877375873,break_even,2
13,2023-07-03 04:00:00,2023-07-04 16:00:00,30774.494791617,30759.10754422119,29718.619218530966,31566.40147143152,1.9644537381803286,60455.07133400306,120.87991513233914,-151.10745079933812,-0.24994999999999581,-0.07285029760355864,break_even,10
14,2023-11-05 04:00:00,2023-11-08 00:00:00,35314.593784656005,35296.936487763676,33828.51678939433,36429.15153110226,1.3937343584418114,49219.162712090714,98.41371584282538,-123.02329719887118,-0.24995000000000087,-0.05939720986610472,break_even,18
15,2023-11-15 20:00:00,2023-11-26 12:00:00,37536.887970453,37518.11952646777,35483.622792385315,39076.83685400376,1.0075347908004098,37819.72056860878,75.62053127693326,-94.53039156123484,-0.24994999999999257,-0.045694756081355786,break_even,65
16,2023-12-01 08:00:00,2023-12-01 12:00:00,38275.03811107799,38255.90059202246,36865.213222057886,39332.40677784307,1.4660299374112462,56112.35172639673,112.19664727693026,-140.25282314012077,-0.249949999999986,-0.06785839752419763,break_even,2
17,2023-12-13 20:00:00,2023-12-14 00:00:00,42744.267703125,42722.89556927344,40109.490951129636,44720.350267121525,0.7833834254780893,33485.15085282652,66.95355913022664,-83.69613455663844,-0.2499499999999957,-0.040549658350768354,break_even,2
