round_trip_bps,sharpe,final_equity,p_star,win_rate
0,2.775551671091165,114537.58179105495,0.3333333333333333,0.3772391991570074
5,-4.738789476309009,78838.9978577281,0.3906638234202913,0.35985247629083245
10,-12.100871340844115,53786.862415301344,0.44799431350724933,0.3429773803261441
15,-18.712118313500874,36910.50407623239,0.5053248035942074,0.3277310924369748
20,-24.586689466945746,25171.755443454265,0.5626552936811654,0.30660377358490565
25,-29.585248250832105,17196.132557634395,0.6199857837681235,0.28593913955928646
30,-33.92214051315633,11529.783775796064,0.6773162738550815,0.26475195822454306
35,-37.51221926671604,7753.10308622971,0.7346467639420395,0.2406054279749478
40,-40.46071408221092,5201.683176420603,0.7919772540289975,0.22123893805309736
45,-42.75053997778936,3520.852581212932,0.8493077441159556,0.19823100936524454
50,-44.60821190285785,2417.94590897905,0.9066382342029137,0.18489583333333334
