timestamp,Open,High,Low,Close,Volume
2026-08-31 13:30:00+00:00,1.6699999570846558,1.6699999570846558,1.6649999618530273,1.6649999618530273,33693
2026-08-31 13:31:00+00:00,1.6649999618530273,1.6749999523162842,1.6649999618530273,1.6699999570846558,14897
2026-08-31 13:32:00+00:00,1.6691999435424805,1.6749999523162842,1.659999966621399,1.6749999523162842,12046
2026-08-31 13:33:00+00:00,1.6740000247955322,1.6749999523162842,1.6740000247955322,1.6749999523162842,1565
2026-08-31 13:34:00+00:00,1.6740000247955322,1.6740000247955322,1.6649999618530273,1.6649999618530273,6639
2026-08-31 13:35:00+00:00,1.6640000343322754,1.6649999618530273,1.6640000343322754,1.6649999618530273,3672
2026-08-31 13:36:00+00:00,1.6640000343322754,1.6699999570846558,1.6640000343322754,1.669100046157837,2815
2026-08-31 13:37:00+00:00,1.6640000343322754,1.6799999475479126,1.6640000343322754,1.6799999475479126,12250
2026-08-31 13:38:00+00:00,1.684000015258789,1.684999942779541,1.684000015258789,1.684999942779541,1183
2026-08-31 13:39:00+00:00,1.684000015258789,1.684999942779541,1.684000015258789,1.684999942779541,1236
2026-08-31 13:40:00+00:00,1.684000015258789,1.684000015258789,1.6800999641418457,1.6800999641418457,672
2026-08-31 13:41:00+00:00,1.684000015258789,1.684999942779541,1.6700999736785889,1.6700999736785889,3825
2026-08-31 13:42:00+00:00,1.6740000247955322,1.6799999475479126,1.6740000247955322,1.6799999475479126,1412
2026-08-31 13:43:00+00:00,1.6740000247955322,1.6740000247955322,1.6740000247955322,1.6740000247955322,438
2026-08-31 13:44:00+00:00,1.6740000247955322,1.6749999523162842,1.6740000247955322,1.6749999523162842,682
2026-08-31 13:45:00+00:00,1.6740000247955322,1.6749999523162842,1.6699999570846558,1.6749999523162842,1473
2026-08-31 13:46:00+00:00,1.6749999523162842,1.6749999523162842,1.6700999736785889,1.6700999736785889,2577
2026-08-31 13:47:00+00:00,1.6740000247955322,1.6749999523162842,1.6740000247955322,1.6749999523162842,1679
2026-08-31 13:48:00+00:00,1.6740000247955322,1.6799999475479126,1.6740000247955322,1.6799999475479126,10776
2026-08-31 13:49:00+00:00,1.684999942779541,1.684999942779541,1.6799999475479126,1.6799999475479126,6920
2026-08-31 13:50:00+00:00,1.6740000247955322,1.6749999523162842,1.6740000247955322,1.6749999523162842,877
2026-08-31 13:51:00+00:00,1.6740000247955322,1.6790000200271606,1.6740000247955322,1.6790000200271606,871
2026-08-31 13:52:00+00:00,1.6740000247955322,1.6787999868392944,1.6740000247955322,1.6787999868392944,1428
2026-08-31 13:53:00+00:00,1.6740000247955322,1.6749999523162842,1.6699999570846558,1.6699999570846558,923
2026-08-31 13:54:00+00:00,1.6740000247955322,1.6740000247955322,1.6699999570846558,1.6699999570846558,917
2026-08-31 13:55:00+00:00,1.6740000247955322,1.6799999475479126,1.6700999736785889,1.6799999475479126,2140
2026-08-31 13:56:00+00:00,1.6740000247955322,1.6740000247955322,1.6699999570846558,1.6699999570846558,2555
2026-08-31 13:57:00+00:00,1.6740000247955322,1.6740000247955322,1.6699999570846558,1.6699999570846558,1183
2026-08-31 13:58:00+00:00,1.6740000247955322,1.6740000247955322,1.6740000247955322,1.6740000247955322,433
2026-08-31 13:59:00+00:00,1.6740000247955322,1.6740000247955322,1.670699954032898,1.670699954032898,1171
2026-08-31 14:00:00+00:00,1.6740000247955322,1.6749999523162842,1.6700999736785889,1.6700999736785889,1404
2026-08-31 14:01:00+00:00,1.6787999868392944,1.6799999475479126,1.6740000247955322,1.6799999475479126,986
2026-08-31 14:02:00+00:00,1.6749999523162842,1.6793999671936035,1.6749999523162842,1.6749999523162842,1840
2026-08-31 14:03:00+00:00,1.6749999523162842,1.6749999523162842,1.660099983215332,1.660099983215332,29945
2026-08-31 14:04:00+00:00,1.6649999618530273,1.6649999618530273,1.659999966621399,1.6608999967575073,31
2026-08-31 14:05:00+00:00,1.6649999618530273,1.6649999618530273,1.6649999618530273,1.6649999618530273,372
2026-08-31 14:06:00+00:00,1.6612999439239502,1.6612999439239502,1.6549999713897705,1.6549999713897705,9046
2026-08-31 14:08:00+00:00,1.659999966621399,1.6649999618530273,1.6510000228881836,1.6649999618530273,6092
2026-08-31 14:09:00+00:00,1.6649999618530273,1.6649999618530273,1.6649999618530273,1.6649999618530273,1112
2026-08-31 14:10:00+00:00,1.6649999618530273,1.6699999570846558,1.659999966621399,1.6699999570846558,846
2026-08-31 14:11:00+00:00,1.659999966621399,1.6699999570846558,1.659999966621399,1.6649999618530273,3347
2026-08-31 14:12:00+00:00,1.6649999618530273,1.6699999570846558,1.6649999618530273,1.6649999618530273,1960
2026-08-31 14:13:00+00:00,1.6699999570846558,1.6699999570846558,1.6642999649047852,1.6642999649047852,4038
2026-08-31 14:14:00+00:00,1.659999966621399,1.6699999570846558,1.659999966621399,1.659999966621399,1464
2026-08-31 14:15:00+00:00,1.6649999618530273,1.6699999570846558,1.6614999771118164,1.6614999771118164,974
2026-08-31 14:16:00+00:00,1.659999966621399,1.6699999570846558,1.659999966621399,1.6699999570846558,1151
2026-08-31 14:17:00+00:00,1.669100046157837,1.6699999570846558,1.659999966621399,1.6649999618530273,3622
2026-08-31 14:18:00+00:00,1.6699999570846558,1.6699999570846558,1.659999966621399,1.6699999570846558,1561
2026-08-31 14:19:00+00:00,1.659999966621399,1.6699999570846558,1.659999966621399,1.6649999618530273,10363
2026-08-31 14:20:00+00:00,1.659999966621399,1.6649999618530273,1.659999966621399,1.659999966621399,1965
2026-08-31 14:22:00+00:00,1.6649999618530273,1.6699999570846558,1.659999966621399,1.6699999570846558,8605
2026-08-31 14:23:00+00:00,1.659999966621399,1.6649999618530273,1.659999966621399,1.659999966621399,1224
2026-08-31 14:24:00+00:00,1.6699999570846558,1.6699999570846558,1.659999966621399,1.6614999771118164,2857
2026-08-31 14:25:00+00:00,1.659999966621399,1.659999966621399,1.6549999713897705,1.6549999713897705,11646
2026-08-31 14:26:00+00:00,1.6549999713897705,1.6549999713897705,1.6549999713897705,1.6549999713897705,1315
2026-08-31 14:28:00+00:00,1.649999976158142,1.6549999713897705,1.649999976158142,1.6549999713897705,609
2026-08-31 14:29:00+00:00,1.6549999713897705,1.659999966621399,1.649999976158142,1.659999966621399,1294
2026-08-31 14:30:00+00:00,1.649999976158142,1.659999966621399,1.649999976158142,1.649999976158142,1176
2026-08-31 14:31:00+00:00,1.659999966621399,1.659999966621399,1.649999976158142,1.649999976158142,1074
2026-08-31 14:32:00+00:00,1.6510000228881836,1.6510000228881836,1.6510000228881836,1.6510000228881836,631
2026-08-31 14:33:00+00:00,1.659999966621399,1.659999966621399,1.649999976158142,1.6549999713897705,4222
2026-08-31 14:34:00+00:00,1.659999966621399,1.659999966621399,1.659999966621399,1.659999966621399,445
2026-08-31 14:35:00+00:00,1.649999976158142,1.649999976158142,1.649999976158142,1.649999976158142,1535
2026-08-31 14:36:00+00:00,1.6549999713897705,1.6549999713897705,1.6549999713897705,1.6549999713897705,1527
2026-08-31 14:37:00+00:00,1.6549999713897705,1.6549999713897705,1.6549999713897705,1.6549999713897705,1123
2026-08-31 14:38:00+00:00,1.659999966621399,1.659999966621399,1.659999966621399,1.659999966621399,1253
2026-08-31 14:40:00+00:00,1.6549999713897705,1.6549999713897705,1.6549999713897705,1.6549999713897705,925
2026-08-31 14:41:00+00:00,1.6549999713897705,1.6549999713897705,1.6549999713897705,1.6549999713897705,366
2026-08-31 14:42:00+00:00,1.6549999713897705,1.6549999713897705,1.6549999713897705,1.6549999713897705,1615
2026-08-31 14:43:00+00:00,1.649999976158142,1.659999966621399,1.649999976158142,1.649999976158142,2296
2026-08-31 14:44:00+00:00,1.659999966621399,1.659999966621399,1.649999976158142,1.659999966621399,1633
2026-08-31 14:45:00+00:00,1.649999976158142,1.649999976158142,1.649999976158142,1.649999976158142,1037
2026-08-31 14:46:00+00:00,1.659999966621399,1.659999966621399,1.649999976158142,1.6549999713897705,1432
2026-08-31 14:47:00+00:00,1.659999966621399,1.659999966621399,1.649999976158142,1.649999976158142,603
2026-08-31 14:48:00+00:00,1.6549999713897705,1.659999966621399,1.6449999809265137,1.649999976158142,51215
2026-08-31 14:49:00+00:00,1.649999976158142,1.649999976158142,1.649999976158142,1.649999976158142,14560
2026-08-31 14:50:00+00:00,1.649999976158142,1.649999976158142,1.6449999809265137,1.649999976158142,3742
2026-08-31 14:52:00+00:00,1.649999976158142,1.649999976158142,1.6449999809265137,1.6449999809265137,801
2026-08-31 14:53:00+00:00,1.6449999809265137,1.6449999809265137,1.6449999809265137,1.6449999809265137,5877
2026-08-31 14:55:00+00:00,1.646399974822998,1.646399974822998,1.6449999809265137,1.6449999809265137,5305
2026-08-31 14:56:00+00:00,1.649999976158142,1.6549999713897705,1.649999976158142,1.6549999713897705,9060
2026-08-31 14:57:00+00:00,1.659999966621399,1.659999966621399,1.659999966621399,1.659999966621399,710
2026-08-31 14:58:00+00:00,1.65910005569458,1.65910005569458,1.649999976158142,1.649999976158142,3525
2026-08-31 14:59:00+00:00,1.6550999879837036,1.6550999879837036,1.6550999879837036,1.6550999879837036,3193
2026-08-31 15:00:00+00:00,1.6549999713897705,1.6549999713897705,1.6549999713897705,1.6549999713897705,1054
2026-08-31 15:01:00+00:00,1.6549999713897705,1.6549999713897705,1.6549999713897705,1.6549999713897705,3219
2026-08-31 15:02:00+00:00,1.652500033378601,1.6549999713897705,1.649999976158142,1.649999976158142,22508
2026-08-31 15:03:00+00:00,1.6449999809265137,1.6449999809265137,1.6449999809265137,1.6449999809265137,1599
2026-08-31 15:04:00+00:00,1.6449999809265137,1.6449999809265137,1.6449999809265137,1.6449999809265137,785
2026-08-31 15:06:00+00:00,1.6449999809265137,1.6549999713897705,1.6449999809265137,1.6549999713897705,14364
2026-08-31 15:07:00+00:00,1.6549999713897705,1.659999966621399,1.649999976158142,1.6549999713897705,2725
2026-08-31 15:08:00+00:00,1.6549999713897705,1.6549999713897705,1.6549999713897705,1.6549999713897705,1357
2026-08-31 15:09:00+00:00,1.6549999713897705,1.6549999713897705,1.6549999713897705,1.6549999713897705,391
2026-08-31 15:10:00+00:00,1.6549999713897705,1.659999966621399,1.649999976158142,1.649999976158142,1609
2026-08-31 15:12:00+00:00,1.6549999713897705,1.6549999713897705,1.6519999504089355,1.6519999504089355,2267
2026-08-31 15:14:00+00:00,1.649999976158142,1.649999976158142,1.6449999809265137,1.6449999809265137,7034
2026-08-31 15:15:00+00:00,1.6449999809265137,1.6449999809265137,1.6449999809265137,1.6449999809265137,175
2026-08-31 15:16:00+00:00,1.6449999809265137,1.6449999809265137,1.6449999809265137,1.6449999809265137,1569
2026-08-31 15:17:00+00:00,1.6449999809265137,1.6449999809265137,1.6449999809265137,1.6449999809265137,1771
2026-08-31 15:18:00+00:00,1.6449999809265137,1.6449999809265137,1.6449999809265137,1.6449999809265137,347
2026-08-31 15:19:00+00:00,1.649999976158142,1.649999976158142,1.6299999952316284,1.6349999904632568,39517
2026-08-31 15:20:00+00:00,1.6349999904632568,1.6349999904632568,1.6349999904632568,1.6349999904632568,256
2026-08-31 15:21:00+00:00,1.6349999904632568,1.6349999904632568,1.6301000118255615,1.6301000118255615,1170
2026-08-31 15:22:00+00:00,1.6349999904632568,1.6349999904632568,1.6349999904632568,1.6349999904632568,1112
2026-08-31 15:24:00+00:00,1.6349999904632568,1.6399999856948853,1.6349999904632568,1.6399999856948853,1718
2026-08-31 15:25:00+00:00,1.6349999904632568,1.6399999856948853,1.6349999904632568,1.6399999856948853,4385
2026-08-31 15:26:00+00:00,1.6399999856948853,1.6399999856948853,1.6399999856948853,1.6399999856948853,911
2026-08-31 15:27:00+00:00,1.6399999856948853,1.6449999809265137,1.6399999856948853,1.6449999809265137,12962
2026-08-31 15:28:00+00:00,1.6449999809265137,1.6449999809265137,1.6449999809265137,1.6449999809265137,1722
2026-08-31 15:29:00+00:00,1.6449999809265137,1.6449999809265137,1.6449999809265137,1.6449999809265137,237
2026-08-31 15:30:00+00:00,1.6449999809265137,1.6449999809265137,1.6399999856948853,1.6399999856948853,721
2026-08-31 15:32:00+00:00,1.6449999809265137,1.6449999809265137,1.6449999809265137,1.6449999809265137,1619
2026-08-31 15:33:00+00:00,1.6449999809265137,1.6449999809265137,1.6449999809265137,1.6449999809265137,101
2026-08-31 15:34:00+00:00,1.6449999809265137,1.6449999809265137,1.6449999809265137,1.6449999809265137,794
2026-08-31 15:35:00+00:00,1.6399999856948853,1.6399999856948853,1.6399999856948853,1.6399999856948853,190
2026-08-31 15:36:00+00:00,1.6449999809265137,1.6449999809265137,1.6399999856948853,1.6449999809265137,2886
2026-08-31 15:37:00+00:00,1.6449999809265137,1.6449999809265137,1.6399999856948853,1.6399999856948853,2547
2026-08-31 15:38:00+00:00,1.649999976158142,1.6549999713897705,1.6449999809265137,1.6549999713897705,18075
2026-08-31 15:39:00+00:00,1.6549999713897705,1.6549999713897705,1.6549999713897705,1.6549999713897705,1231
2026-08-31 15:40:00+00:00,1.6549999713897705,1.6549999713897705,1.6549999713897705,1.6549999713897705,1047
2026-08-31 15:41:00+00:00,1.6549999713897705,1.6549999713897705,1.6549999713897705,1.6549999713897705,1539
2026-08-31 15:43:00+00:00,1.659999966621399,1.659999966621399,1.6549999713897705,1.6549999713897705,2622
2026-08-31 15:44:00+00:00,1.6549999713897705,1.6549999713897705,1.6549999713897705,1.6549999713897705,264
2026-08-31 15:45:00+00:00,1.6549999713897705,1.6549999713897705,1.6549999713897705,1.6549999713897705,563
2026-08-31 15:46:00+00:00,1.649999976158142,1.659999966621399,1.649999976158142,1.659999966621399,1656
2026-08-31 15:47:00+00:00,1.649999976158142,1.659999966621399,1.649999976158142,1.659999966621399,1431
2026-08-31 15:48:00+00:00,1.649999976158142,1.659999966621399,1.649999976158142,1.659999966621399,1147
2026-08-31 15:49:00+00:00,1.649999976158142,1.659999966621399,1.649999976158142,1.659999966621399,2567
2026-08-31 15:51:00+00:00,1.6549999713897705,1.6549999713897705,1.649999976158142,1.649999976158142,2582
2026-08-31 15:52:00+00:00,1.649999976158142,1.6549999713897705,1.649999976158142,1.6549999713897705,455
2026-08-31 15:53:00+00:00,1.6549999713897705,1.659999966621399,1.6549999713897705,1.6549999713897705,1351
2026-08-31 15:54:00+00:00,1.6549999713897705,1.6549999713897705,1.6549999713897705,1.6549999713897705,673
2026-08-31 15:55:00+00:00,1.6549999713897705,1.6549999713897705,1.6549999713897705,1.6549999713897705,507
2026-08-31 15:56:00+00:00,1.6549999713897705,1.6549999713897705,1.6549999713897705,1.6549999713897705,2008
2026-08-31 15:57:00+00:00,1.6549999713897705,1.6549999713897705,1.649999976158142,1.649999976158142,435
2026-08-31 15:58:00+00:00,1.649999976158142,1.659999966621399,1.649999976158142,1.649999976158142,812
2026-08-31 15:59:00+00:00,1.6549999713897705,1.659999966621399,1.6407999992370605,1.6449999809265137,20395
2026-08-31 16:00:00+00:00,1.649999976158142,1.649999976158142,1.649999976158142,1.649999976158142,2759
2026-08-31 16:02:00+00:00,1.6449999809265137,1.6449999809265137,1.6449999809265137,1.6449999809265137,1157
2026-08-31 16:03:00+00:00,1.6449999809265137,1.6449999809265137,1.6449999809265137,1.6449999809265137,1383
2026-08-31 16:04:00+00:00,1.6449999809265137,1.6449999809265137,1.6449999809265137,1.6449999809265137,79
2026-08-31 16:05:00+00:00,1.6449999809265137,1.6449999809265137,1.6449999809265137,1.6449999809265137,2027
2026-08-31 16:07:00+00:00,1.6401000022888184,1.6449999809265137,1.6401000022888184,1.6449999809265137,1411
2026-08-31 16:08:00+00:00,1.6449999809265137,1.6449999809265137,1.6449999809265137,1.6449999809265137,2348
2026-08-31 16:09:00+00:00,1.6449999809265137,1.6449999809265137,1.6449999809265137,1.6449999809265137,1233
2026-08-31 16:11:00+00:00,1.6449999809265137,1.6449999809265137,1.6449999809265137,1.6449999809265137,1380
2026-08-31 16:12:00+00:00,1.6410000324249268,1.6449999809265137,1.6410000324249268,1.6449999809265137,2223
2026-08-31 16:13:00+00:00,1.6399999856948853,1.6461999416351318,1.6399999856948853,1.6461999416351318,775
2026-08-31 16:14:00+00:00,1.649999976158142,1.649999976158142,1.6399999856948853,1.6399999856948853,2919
2026-08-31 16:15:00+00:00,1.6399999856948853,1.649999976158142,1.6399999856948853,1.649999976158142,267
2026-08-31 16:16:00+00:00,1.649999976158142,1.649999976158142,1.6449999809265137,1.6449999809265137,836
2026-08-31 16:17:00+00:00,1.649999976158142,1.649999976158142,1.6399999856948853,1.6449999809265137,1656
2026-08-31 16:18:00+00:00,1.6399999856948853,1.6449999809265137,1.6399999856948853,1.6449999809265137,1499
2026-08-31 16:19:00+00:00,1.6449999809265137,1.6449999809265137,1.6401000022888184,1.6401000022888184,688
2026-08-31 16:20:00+00:00,1.6449999809265137,1.6449999809265137,1.6449999809265137,1.6449999809265137,961
2026-08-31 16:21:00+00:00,1.6449999809265137,1.6449999809265137,1.6449999809265137,1.6449999809265137,850
2026-08-31 16:22:00+00:00,1.6449999809265137,1.6449999809265137,1.6449999809265137,1.6449999809265137,5557
2026-08-31 16:23:00+00:00,1.6449999809265137,1.6449999809265137,1.6449999809265137,1.6449999809265137,1012
2026-08-31 16:24:00+00:00,1.6449999809265137,1.6449999809265137,1.6449999809265137,1.6449999809265137,450
2026-08-31 16:25:00+00:00,1.6449999809265137,1.6449999809265137,1.6449999809265137,1.6449999809265137,701
2026-08-31 16:26:00+00:00,1.6399999856948853,1.6449999809265137,1.6399999856948853,1.6449999809265137,2982
2026-08-31 16:27:00+00:00,1.6449999809265137,1.649999976158142,1.6410000324249268,1.649999976158142,1855
2026-08-31 16:28:00+00:00,1.6449999809265137,1.6449999809265137,1.6409000158309937,1.6409000158309937,685
2026-08-31 16:29:00+00:00,1.6449999809265137,1.6449999809265137,1.6449999809265137,1.6449999809265137,922
2026-08-31 16:30:00+00:00,1.6399999856948853,1.649999976158142,1.6399999856948853,1.6449999809265137,1560
2026-08-31 16:31:00+00:00,1.6399999856948853,1.649999976158142,1.6399999856948853,1.6449999809265137,2866
2026-08-31 16:32:00+00:00,1.6406999826431274,1.649999976158142,1.6406999826431274,1.6449999809265137,8015
2026-08-31 16:33:00+00:00,1.6399999856948853,1.6475000381469727,1.6399999856948853,1.6475000381469727,942
2026-08-31 16:34:00+00:00,1.6449999809265137,1.649999976158142,1.6449999809265137,1.6449999809265137,831
2026-08-31 16:35:00+00:00,1.6399999856948853,1.649999976158142,1.6399999856948853,1.6399999856948853,608
2026-08-31 16:36:00+00:00,1.6399999856948853,1.649999976158142,1.6399999856948853,1.6449999809265137,1653
2026-08-31 16:37:00+00:00,1.6399999856948853,1.649999976158142,1.6399999856948853,1.649999976158142,571
2026-08-31 16:38:00+00:00,1.6449999809265137,1.649999976158142,1.6399999856948853,1.6399999856948853,1148
2026-08-31 16:39:00+00:00,1.649999976158142,1.649999976158142,1.6399999856948853,1.6449999809265137,2806
2026-08-31 16:40:00+00:00,1.6399999856948853,1.649999976158142,1.6399999856948853,1.6449999809265137,924
2026-08-31 16:41:00+00:00,1.6449999809265137,1.649999976158142,1.6449999809265137,1.649999976158142,956
2026-08-31 16:42:00+00:00,1.649999976158142,1.649999976158142,1.649999976158142,1.649999976158142,1291
2026-08-31 16:43:00+00:00,1.6449999809265137,1.649999976158142,1.6449999809265137,1.6449999809265137,1419
2026-08-31 16:44:00+00:00,1.6449999809265137,1.6449999809265137,1.6449999809265137,1.6449999809265137,1996
2026-08-31 16:45:00+00:00,1.6449999809265137,1.649999976158142,1.6399999856948853,1.649999976158142,2812
2026-08-31 16:46:00+00:00,1.6399999856948853,1.649999976158142,1.6399999856948853,1.6484999656677246,4872
2026-08-31 16:47:00+00:00,1.6449999809265137,1.6449999809265137,1.6449999809265137,1.6449999809265137,1623
2026-08-31 16:48:00+00:00,1.649999976158142,1.649999976158142,1.6399999856948853,1.6399999856948853,1256
2026-08-31 16:49:00+00:00,1.649999976158142,1.649999976158142,1.6399999856948853,1.6399999856948853,1578
2026-08-31 16:50:00+00:00,1.649999976158142,1.649999976158142,1.6399999856948853,1.6449999809265137,3347
2026-08-31 16:51:00+00:00,1.6449999809265137,1.649999976158142,1.6399999856948853,1.6399999856948853,1198
2026-08-31 16:52:00+00:00,1.649999976158142,1.649999976158142,1.6399999856948853,1.6399999856948853,1258
2026-08-31 16:53:00+00:00,1.649999976158142,1.649999976158142,1.6449999809265137,1.649999976158142,356
2026-08-31 16:54:00+00:00,1.6449999809265137,1.649999976158142,1.6399999856948853,1.649999976158142,959
2026-08-31 16:55:00+00:00,1.649999976158142,1.649999976158142,1.6402000188827515,1.6449999809265137,3383
2026-08-31 16:56:00+00:00,1.649999976158142,1.6549999713897705,1.6399999856948853,1.6549999713897705,14449
2026-08-31 16:57:00+00:00,1.6549999713897705,1.659999966621399,1.649999976158142,1.649999976158142,1366
2026-08-31 16:58:00+00:00,1.649999976158142,1.6549999713897705,1.649999976158142,1.6509000062942505,29447
2026-08-31 16:59:00+00:00,1.649999976158142,1.6549999713897705,1.649999976158142,1.6549999713897705,21514
2026-08-31 17:00:00+00:00,1.649999976158142,1.6549999713897705,1.649999976158142,1.6549999713897705,25274
2026-08-31 17:01:00+00:00,1.649999976158142,1.659999966621399,1.649999976158142,1.6500999927520752,24504
2026-08-31 17:02:00+00:00,1.6549999713897705,1.6549999713897705,1.649999976158142,1.6509000062942505,21056
2026-08-31 17:03:00+00:00,1.649999976158142,1.6549999713897705,1.649999976158142,1.6549999713897705,3458
2026-08-31 17:04:00+00:00,1.6512000560760498,1.6512000560760498,1.6512000560760498,1.6512000560760498,111
2026-08-31 17:05:00+00:00,1.649999976158142,1.649999976158142,1.649999976158142,1.649999976158142,5859
2026-08-31 17:06:00+00:00,1.649999976158142,1.6549999713897705,1.6449999809265137,1.6449999809265137,25839
2026-08-31 17:07:00+00:00,1.6410000324249268,1.649999976158142,1.6410000324249268,1.6480000019073486,2143
2026-08-31 17:08:00+00:00,1.649999976158142,1.6598999500274658,1.649999976158142,1.6598999500274658,24944
2026-08-31 17:09:00+00:00,1.6549999713897705,1.6549999713897705,1.649999976158142,1.649999976158142,4437
2026-08-31 17:11:00+00:00,1.649999976158142,1.6500999927520752,1.649999976158142,1.6500999927520752,1144
2026-08-31 17:14:00+00:00,1.659999966621399,1.659999966621399,1.6579999923706055,1.659999966621399,21231
2026-08-31 17:15:00+00:00,1.6699999570846558,1.6699999570846558,1.6699999570846558,1.6699999570846558,461
2026-08-31 17:16:00+00:00,1.6699999570846558,1.6699999570846558,1.6699999570846558,1.6699999570846558,1079
2026-08-31 17:17:00+00:00,1.659999966621399,1.6699999570846558,1.659999966621399,1.6699999570846558,1284
2026-08-31 17:18:00+00:00,1.6699999570846558,1.6699999570846558,1.6699999570846558,1.6699999570846558,753
2026-08-31 17:19:00+00:00,1.659999966621399,1.6649999618530273,1.659999966621399,1.6649999618530273,4046
2026-08-31 17:20:00+00:00,1.6649999618530273,1.6699999570846558,1.659999966621399,1.6649999618530273,3177
2026-08-31 17:21:00+00:00,1.659999966621399,1.6649999618530273,1.659999966621399,1.659999966621399,974
2026-08-31 17:22:00+00:00,1.659999966621399,1.6649999618530273,1.659999966621399,1.6649999618530273,1044
2026-08-31 17:23:00+00:00,1.6649999618530273,1.6649999618530273,1.659999966621399,1.6649999618530273,43099
2026-08-31 17:24:00+00:00,1.659999966621399,1.6610000133514404,1.659999966621399,1.659999966621399,2701
2026-08-31 17:25:00+00:00,1.6649999618530273,1.6649999618530273,1.6549999713897705,1.6549999713897705,11772
2026-08-31 17:26:00+00:00,1.6549999713897705,1.6549999713897705,1.6549999713897705,1.6549999713897705,2100
2026-08-31 17:27:00+00:00,1.649999976158142,1.659999966621399,1.649999976158142,1.6549999713897705,433
2026-08-31 17:28:00+00:00,1.6549999713897705,1.6549999713897705,1.649999976158142,1.6549999713897705,854
2026-08-31 17:29:00+00:00,1.659999966621399,1.659999966621399,1.649999976158142,1.649999976158142,1943
2026-08-31 17:30:00+00:00,1.6549999713897705,1.6549999713897705,1.6549999713897705,1.6549999713897705,3126
2026-08-31 17:31:00+00:00,1.6519999504089355,1.6549999713897705,1.649999976158142,1.6549999713897705,10062
2026-08-31 17:32:00+00:00,1.659999966621399,1.659999966621399,1.649999976158142,1.649999976158142,671
2026-08-31 17:33:00+00:00,1.649999976158142,1.6549999713897705,1.649999976158142,1.649999976158142,674
2026-08-31 17:34:00+00:00,1.649999976158142,1.659999966621399,1.649999976158142,1.649999976158142,7102
2026-08-31 17:35:00+00:00,1.649999976158142,1.6549999713897705,1.649999976158142,1.6549999713897705,2456
2026-08-31 17:36:00+00:00,1.6549999713897705,1.659999966621399,1.6549999713897705,1.659999966621399,578
2026-08-31 17:38:00+00:00,1.6549999713897705,1.6549999713897705,1.6549999713897705,1.6549999713897705,1419
2026-08-31 17:39:00+00:00,1.659999966621399,1.659999966621399,1.649999976158142,1.649999976158142,8351
2026-08-31 17:40:00+00:00,1.649999976158142,1.6549999713897705,1.649999976158142,1.6549999713897705,1072
2026-08-31 17:41:00+00:00,1.659999966621399,1.659999966621399,1.649999976158142,1.649999976158142,449
2026-08-31 17:42:00+00:00,1.6549999713897705,1.6549999713897705,1.6549999713897705,1.6549999713897705,676
2026-08-31 17:43:00+00:00,1.649999976158142,1.659999966621399,1.649999976158142,1.659999966621399,1939
2026-08-31 17:44:00+00:00,1.649999976158142,1.6549999713897705,1.649999976158142,1.649999976158142,1031
2026-08-31 17:45:00+00:00,1.659999966621399,1.659999966621399,1.649999976158142,1.649999976158142,829
2026-08-31 17:46:00+00:00,1.659999966621399,1.659999966621399,1.649999976158142,1.659999966621399,1642
2026-08-31 17:47:00+00:00,1.659999966621399,1.659999966621399,1.649999976158142,1.659999966621399,2118
2026-08-31 17:48:00+00:00,1.649999976158142,1.659999966621399,1.649999976158142,1.6549999713897705,1226
2026-08-31 17:49:00+00:00,1.659999966621399,1.659999966621399,1.649999976158142,1.6549999713897705,1402
2026-08-31 17:50:00+00:00,1.659999966621399,1.659999966621399,1.649999976158142,1.649999976158142,1774
2026-08-31 17:51:00+00:00,1.659999966621399,1.659999966621399,1.6549999713897705,1.6549999713897705,2128
2026-08-31 17:52:00+00:00,1.6549999713897705,1.656599998474121,1.6549999713897705,1.656599998474121,969
2026-08-31 17:53:00+00:00,1.659999966621399,1.659999966621399,1.6549999713897705,1.6549999713897705,1316
2026-08-31 17:54:00+00:00,1.659999966621399,1.659999966621399,1.6549999713897705,1.6549999713897705,1401
2026-08-31 17:55:00+00:00,1.6549999713897705,1.6549999713897705,1.649999976158142,1.649999976158142,466
2026-08-31 17:56:00+00:00,1.649999976158142,1.649999976158142,1.649999976158142,1.649999976158142,383
2026-08-31 17:57:00+00:00,1.6549999713897705,1.6549999713897705,1.649999976158142,1.649999976158142,385
2026-08-31 17:58:00+00:00,1.6549999713897705,1.6549999713897705,1.6549999713897705,1.6549999713897705,2927
2026-08-31 17:59:00+00:00,1.6549999713897705,1.6549999713897705,1.6549999713897705,1.6549999713897705,532
2026-08-31 18:00:00+00:00,1.6549999713897705,1.6549999713897705,1.6549999713897705,1.6549999713897705,2210
2026-08-31 18:01:00+00:00,1.659999966621399,1.659999966621399,1.6549999713897705,1.6549999713897705,998
2026-08-31 18:02:00+00:00,1.6549999713897705,1.6549999713897705,1.6549999713897705,1.6549999713897705,1044
2026-08-31 18:03:00+00:00,1.6549999713897705,1.6549999713897705,1.649999976158142,1.6549999713897705,1362
2026-08-31 18:04:00+00:00,1.649999976158142,1.6549999713897705,1.649999976158142,1.649999976158142,1184
2026-08-31 18:05:00+00:00,1.649999976158142,1.6549999713897705,1.649999976158142,1.6549999713897705,1852
2026-08-31 18:06:00+00:00,1.659999966621399,1.659999966621399,1.659999966621399,1.659999966621399,200
2026-08-31 18:07:00+00:00,1.649999976158142,1.6549999713897705,1.649999976158142,1.6549999713897705,2306
2026-08-31 18:08:00+00:00,1.659999966621399,1.659999966621399,1.649999976158142,1.6538000106811523,1852
2026-08-31 18:09:00+00:00,1.649999976158142,1.659999966621399,1.649999976158142,1.659999966621399,609
2026-08-31 18:10:00+00:00,1.659999966621399,1.659999966621399,1.6549999713897705,1.6549999713897705,1008
2026-08-31 18:11:00+00:00,1.659999966621399,1.659999966621399,1.649999976158142,1.6549999713897705,3928
2026-08-31 18:12:00+00:00,1.6549999713897705,1.6549999713897705,1.649999976158142,1.649999976158142,1422
2026-08-31 18:13:00+00:00,1.649999976158142,1.6549999713897705,1.649999976158142,1.6549999713897705,1091
2026-08-31 18:14:00+00:00,1.649999976158142,1.6549999713897705,1.6449999809265137,1.6549999713897705,34293
2026-08-31 18:15:00+00:00,1.6549999713897705,1.6549999713897705,1.6549999713897705,1.6549999713897705,200
2026-08-31 18:16:00+00:00,1.649999976158142,1.6549999713897705,1.649999976158142,1.6549999713897705,1097
2026-08-31 18:17:00+00:00,1.6549999713897705,1.659999966621399,1.6549999713897705,1.659999966621399,543
2026-08-31 18:18:00+00:00,1.6549999713897705,1.6549999713897705,1.6510000228881836,1.6549999713897705,1911
2026-08-31 18:19:00+00:00,1.6549999713897705,1.6549999713897705,1.6549999713897705,1.6549999713897705,386
2026-08-31 18:20:00+00:00,1.6549999713897705,1.6549999713897705,1.649999976158142,1.649999976158142,426
2026-08-31 18:21:00+00:00,1.659999966621399,1.659999966621399,1.649999976158142,1.6549999713897705,1089
2026-08-31 18:22:00+00:00,1.6549999713897705,1.6549999713897705,1.649999976158142,1.6549999713897705,552
2026-08-31 18:23:00+00:00,1.6549999713897705,1.6549999713897705,1.6549999713897705,1.6549999713897705,799
2026-08-31 18:24:00+00:00,1.6549999713897705,1.6549999713897705,1.6549999713897705,1.6549999713897705,1516
2026-08-31 18:25:00+00:00,1.6549999713897705,1.659999966621399,1.649999976158142,1.659999966621399,1071
2026-08-31 18:26:00+00:00,1.649999976158142,1.6549999713897705,1.649999976158142,1.6549999713897705,651
2026-08-31 18:27:00+00:00,1.659999966621399,1.659999966621399,1.6549999713897705,1.6549999713897705,1074
2026-08-31 18:28:00+00:00,1.6549999713897705,1.6549999713897705,1.6549999713897705,1.6549999713897705,3005
2026-08-31 18:29:00+00:00,1.649999976158142,1.6549999713897705,1.649999976158142,1.6549999713897705,660
2026-08-31 18:30:00+00:00,1.6549999713897705,1.6549999713897705,1.6549999713897705,1.6549999713897705,1642
2026-08-31 18:31:00+00:00,1.649999976158142,1.6510000228881836,1.649999976158142,1.6510000228881836,466
2026-08-31 18:32:00+00:00,1.649999976158142,1.659999966621399,1.649999976158142,1.6549999713897705,7677
2026-08-31 18:33:00+00:00,1.6549999713897705,1.6549999713897705,1.6549999713897705,1.6549999713897705,479
2026-08-31 18:34:00+00:00,1.659999966621399,1.659999966621399,1.649999976158142,1.649999976158142,1502
2026-08-31 18:35:00+00:00,1.649999976158142,1.659999966621399,1.649999976158142,1.649999976158142,4646
2026-08-31 18:36:00+00:00,1.659999966621399,1.659999966621399,1.659999966621399,1.659999966621399,574
2026-08-31 18:37:00+00:00,1.649999976158142,1.659999966621399,1.649999976158142,1.649999976158142,1901
2026-08-31 18:38:00+00:00,1.6549999713897705,1.6549999713897705,1.6549999713897705,1.6549999713897705,1306
2026-08-31 18:39:00+00:00,1.659999966621399,1.659999966621399,1.649999976158142,1.6549999713897705,1598
2026-08-31 18:40:00+00:00,1.649999976158142,1.649999976158142,1.649999976158142,1.649999976158142,644
2026-08-31 18:41:00+00:00,1.659999966621399,1.659999966621399,1.649999976158142,1.659999966621399,1496
2026-08-31 18:42:00+00:00,1.659999966621399,1.659999966621399,1.649999976158142,1.649999976158142,1553
2026-08-31 18:43:00+00:00,1.659999966621399,1.659999966621399,1.649999976158142,1.6549999713897705,1667
2026-08-31 18:44:00+00:00,1.649999976158142,1.659999966621399,1.649999976158142,1.659999966621399,2092
2026-08-31 18:45:00+00:00,1.649999976158142,1.659999966621399,1.649999976158142,1.649999976158142,17024
2026-08-31 18:46:00+00:00,1.649999976158142,1.659999966621399,1.649999976158142,1.649999976158142,9301
2026-08-31 18:47:00+00:00,1.6500999927520752,1.659999966621399,1.649999976158142,1.659999966621399,1943
2026-08-31 18:48:00+00:00,1.649999976158142,1.649999976158142,1.6449999809265137,1.6449999809265137,14803
2026-08-31 18:49:00+00:00,1.649999976158142,1.649999976158142,1.6449999809265137,1.649999976158142,1426
2026-08-31 18:50:00+00:00,1.6449999809265137,1.649899959564209,1.6399999856948853,1.6449999809265137,4800
2026-08-31 18:51:00+00:00,1.6449999809265137,1.649999976158142,1.6449999809265137,1.649999976158142,3973
2026-08-31 18:52:00+00:00,1.6449999809265137,1.649999976158142,1.6449999809265137,1.6449999809265137,3579
2026-08-31 18:53:00+00:00,1.6449999809265137,1.6449999809265137,1.6449999809265137,1.6449999809265137,1234
2026-08-31 18:54:00+00:00,1.6449999809265137,1.649999976158142,1.6399999856948853,1.6399999856948853,3686
2026-08-31 18:55:00+00:00,1.6449999809265137,1.6449999809265137,1.6449999809265137,1.6449999809265137,3047
2026-08-31 18:56:00+00:00,1.6449999809265137,1.6449999809265137,1.6449999809265137,1.6449999809265137,1667
2026-08-31 18:57:00+00:00,1.6449999809265137,1.6449999809265137,1.6399999856948853,1.6399999856948853,1684
2026-08-31 18:58:00+00:00,1.649999976158142,1.649999976158142,1.6449999809265137,1.6449999809265137,1069
2026-08-31 18:59:00+00:00,1.6449999809265137,1.6449999809265137,1.6449999809265137,1.6449999809265137,897
2026-08-31 19:00:00+00:00,1.6449999809265137,1.6449999809265137,1.6449999809265137,1.6449999809265137,550
2026-08-31 19:01:00+00:00,1.6449999809265137,1.6449999809265137,1.6449999809265137,1.6449999809265137,4090
2026-08-31 19:02:00+00:00,1.6449999809265137,1.6449999809265137,1.6449999809265137,1.6449999809265137,716
2026-08-31 19:03:00+00:00,1.649999976158142,1.649999976158142,1.6449999809265137,1.6449999809265137,1581
2026-08-31 19:04:00+00:00,1.649999976158142,1.649999976158142,1.649999976158142,1.649999976158142,1117
2026-08-31 19:05:00+00:00,1.6449999809265137,1.649999976158142,1.6399999856948853,1.6399999856948853,761
2026-08-31 19:06:00+00:00,1.6449999809265137,1.649999976158142,1.6449999809265137,1.649999976158142,1126
2026-08-31 19:07:00+00:00,1.649999976158142,1.649999976158142,1.649999976158142,1.649999976158142,403
2026-08-31 19:08:00+00:00,1.649999976158142,1.6549999713897705,1.649999976158142,1.6549999713897705,18988
2026-08-31 19:09:00+00:00,1.649999976158142,1.6549999713897705,1.649999976158142,1.649999976158142,12385
2026-08-31 19:10:00+00:00,1.6449999809265137,1.6549999713897705,1.6449999809265137,1.6549999713897705,33784
2026-08-31 19:13:00+00:00,1.6549999713897705,1.6549999713897705,1.649999976158142,1.649999976158142,3990
2026-08-31 19:14:00+00:00,1.6549999713897705,1.6549999713897705,1.6549999713897705,1.6549999713897705,295
2026-08-31 19:15:00+00:00,1.6509000062942505,1.6549999713897705,1.6509000062942505,1.6549999713897705,3849
2026-08-31 19:16:00+00:00,1.6549999713897705,1.6549999713897705,1.6549999713897705,1.6549999713897705,193
2026-08-31 19:17:00+00:00,1.6549999713897705,1.6549999713897705,1.6549999713897705,1.6549999713897705,451
2026-08-31 19:18:00+00:00,1.6549999713897705,1.6549999713897705,1.6549999713897705,1.6549999713897705,1722
2026-08-31 19:19:00+00:00,1.6549999713897705,1.6556999683380127,1.6509000062942505,1.6549999713897705,4394
2026-08-31 19:20:00+00:00,1.6549999713897705,1.6549999713897705,1.6549999713897705,1.6549999713897705,1603
2026-08-31 19:21:00+00:00,1.6549999713897705,1.6549999713897705,1.6549999713897705,1.6549999713897705,4449
2026-08-31 19:22:00+00:00,1.649999976158142,1.649999976158142,1.649999976158142,1.649999976158142,1451
2026-08-31 19:23:00+00:00,1.6549999713897705,1.659999966621399,1.6549999713897705,1.659999966621399,491
2026-08-31 19:24:00+00:00,1.6549999713897705,1.6549999713897705,1.6549999713897705,1.6549999713897705,1158
2026-08-31 19:26:00+00:00,1.6549999713897705,1.6549999713897705,1.6549999713897705,1.6549999713897705,1579
2026-08-31 19:27:00+00:00,1.6549999713897705,1.6549999713897705,1.6549999713897705,1.6549999713897705,335
2026-08-31 19:28:00+00:00,1.6549999713897705,1.659999966621399,1.6549999713897705,1.659999966621399,3493
2026-08-31 19:29:00+00:00,1.6549999713897705,1.6549999713897705,1.649999976158142,1.649999976158142,258
2026-08-31 19:30:00+00:00,1.659999966621399,1.659999966621399,1.6500999927520752,1.6500999927520752,2830
2026-08-31 19:31:00+00:00,1.649999976158142,1.6549999713897705,1.649999976158142,1.6549999713897705,745
2026-08-31 19:32:00+00:00,1.659999966621399,1.659999966621399,1.649999976158142,1.6549999713897705,5345
2026-08-31 19:33:00+00:00,1.649999976158142,1.659999966621399,1.649999976158142,1.6510000228881836,1964
2026-08-31 19:34:00+00:00,1.6549999713897705,1.659999966621399,1.649999976158142,1.649999976158142,1252
2026-08-31 19:35:00+00:00,1.649999976158142,1.659999966621399,1.649999976158142,1.659999966621399,944
2026-08-31 19:36:00+00:00,1.649999976158142,1.6549999713897705,1.649999976158142,1.6549999713897705,839
2026-08-31 19:37:00+00:00,1.6549999713897705,1.659999966621399,1.6509000062942505,1.6509000062942505,2922
2026-08-31 19:39:00+00:00,1.6549999713897705,1.659999966621399,1.6549999713897705,1.659999966621399,3271
2026-08-31 19:40:00+00:00,1.6549999713897705,1.659999966621399,1.6549999713897705,1.6549999713897705,473
2026-08-31 19:41:00+00:00,1.6549999713897705,1.6549999713897705,1.6549999713897705,1.6549999713897705,3863
2026-08-31 19:42:00+00:00,1.649999976158142,1.6549999713897705,1.649999976158142,1.6549999713897705,1470
2026-08-31 19:43:00+00:00,1.6549999713897705,1.659999966621399,1.6549999713897705,1.659999966621399,1951
2026-08-31 19:44:00+00:00,1.6549999713897705,1.659999966621399,1.649999976158142,1.6549999713897705,1728
2026-08-31 19:45:00+00:00,1.6549999713897705,1.6549999713897705,1.6549999713897705,1.6549999713897705,2047
2026-08-31 19:46:00+00:00,1.6549999713897705,1.6549999713897705,1.6549999713897705,1.6549999713897705,5148
2026-08-31 19:47:00+00:00,1.659999966621399,1.659999966621399,1.6549999713897705,1.6549999713897705,11341
2026-08-31 19:48:00+00:00,1.6549999713897705,1.6549999713897705,1.6509000062942505,1.6509000062942505,1922
2026-08-31 19:49:00+00:00,1.6549999713897705,1.6549999713897705,1.6549999713897705,1.6549999713897705,3545
2026-08-31 19:50:00+00:00,1.659999966621399,1.659999966621399,1.6549999713897705,1.6549999713897705,12215
2026-08-31 19:51:00+00:00,1.6549999713897705,1.659999966621399,1.649999976158142,1.649999976158142,3147
2026-08-31 19:52:00+00:00,1.6509000062942505,1.659999966621399,1.6509000062942505,1.659999966621399,3662
2026-08-31 19:53:00+00:00,1.659999966621399,1.659999966621399,1.6549999713897705,1.6549999713897705,20035
2026-08-31 19:54:00+00:00,1.6549999713897705,1.6699999570846558,1.6549999713897705,1.6649999618530273,47478
2026-08-31 19:55:00+00:00,1.6619999408721924,1.6699999570846558,1.6619999408721924,1.6699999570846558,28494
2026-08-31 19:56:00+00:00,1.6649999618530273,1.6649999618530273,1.6649999618530273,1.6649999618530273,5950
2026-08-31 19:57:00+00:00,1.6699999570846558,1.6699999570846558,1.660099983215332,1.6649999618530273,8868
2026-08-31 19:58:00+00:00,1.6649999618530273,1.6699999570846558,1.6649999618530273,1.6649999618530273,17060
2026-08-31 19:59:00+00:00,1.6649999618530273,1.6699999570846558,1.6649999618530273,1.6649999618530273,43191
